{"cameraMode":{"drawMode":0,"name":"Shaded","section":"Shading Mode"},"sceneLighting":true,"audioPlay":false,"sceneViewState":{"m_AlwaysRefresh":false,"showFog":true,"showSkybox":true,"showFlares":true,"showImageEffects":true,"showParticleSystems":true,"showVisualEffectGraphs":true,"m_FxEnabled":true},"in2DMode":false,"pivot":{"x":-2.2194995880126955,"y":0.6346607208251953,"z":1.469315528869629},"rotation":{"x":-0.024729352444410325,"y":-0.7316238284111023,"z":0.026576437056064607,"w":-0.6807502508163452},"size":7.185823917388916,"orthographic":false}