{"cameraMode":{"drawMode":0,"name":"Shaded","section":"Shading Mode"},"sceneLighting":true,"audioPlay":false,"sceneViewState":{"m_AlwaysRefresh":false,"showFog":true,"showSkybox":true,"showFlares":true,"showImageEffects":true,"showParticleSystems":true,"showVisualEffectGraphs":true,"m_FxEnabled":true},"in2DMode":false,"pivot":{"x":0.3234987258911133,"y":1.835120677947998,"z":0.13131219148635865},"rotation":{"x":-0.0679749920964241,"y":0.6682068109512329,"z":-0.061521273106336597,"w":-0.7383106350898743},"size":3.6247448921203615,"orthographic":false}